Texto,Interes
"Ojal√° obliguen a Pi√±era a cerrar Punta Peuco, es tan HoC... Mi reina.",0
Pi√±era para crear base de apoyo moderada a su gobierno (gobernabilidad democr√°tica)  debe dar se√±ales fuertes hacia la DC y sectores liberales,1
"@CNNChile MEMORIA 2014 Adimark: Pi√±era termina su gobierno con un 50% de aprobaci√≥n
2018..........BACHELET CON 39 %",1
"PPK y Pi√±era en privado habr√≠an conversado algo as√≠: PPK:-no te preocupes Sebas, q' pase todo este circo de mi vacancia y reiniciamos negocios como antes-.  Pi√±era:-pero ppk  hay q' reunirnos tambi√©n con tu Vice, por si las moscas-. PPK:¬°NoNoNo!. Y Pi√±era: ji ji ji(q'huon eres)",0
Bachelet entregar√° el gobierno de Chile a Pi√±era,1
bloq pal pi√±era,0
@ElNacionalWeb Pues esa precion llevara a Pi√±era a un estado de sequedad,0
¬øPodr√° Pi√±era convertir a Chile en un pa√≠s del Primer Mundo?,1
@marcemorenomend Por todo esto gracias Pdte Pi√±era el gui√±a,0
"ja ja ja,,, te repito,,, YO NO APOYO A LADRONES COMO PI√ëERA Y TAMPOCO A TRAIDORES COMO LA DC, PPD, PC, PS, NM Y LA CONCERTACI√ìN!!. 
eso no mas",0
"CierrePuntaPeuco Consagra tanto a M.B (broche de oro pol√≠tico a su gobierno) como a Pi√±era .
Pi√±era romperia histo‚Ä¶ https://t.co/IENK3UzBZy",1
Un millar de invitados estar√°n presentes en la investidura presidencial de Pi√±era en Chile,1
Macri asistir√° este domingo a la asunci√≥n del presidente de Chile Sebasti√°n Pi√±era,1
PPK y Pi√±era se reunieron en Academia Diplom√°tica de Chile,0
"Como ser√≠a si Evo ma√±ana se pone jugoso,fuera de control  y Pi√±era no pueda asumir??? Puta que ser√≠a lindo!!!üòçüòçüòçüòç",1
"Fracas√≥ la campa√±a de ""El Mercurio"" para impedir acuerdo de la centroizquierda en el Parlamento ...ma√±ana Pi√±era asumir√° escoltado por dos socialistas, en las presidencias del Senado y la C√°mara de Diputados",0
"Macri viajar√° a Chile para la asunci√≥n de Sebasti√°n Pi√±era
El presidente argentino mantendr√° una reuni√≥n bilateral con su par trasandino y tambi√©n tendr√° una cumbre con el mandatario brasile√±o, Michel Temer.",1
"No quiero que sea ma√±ana üò©, Pi√±era ctm.",0
"La presidenta saliente de Chile, Michelle Bachelet, y su sucesor, Sebasti√°n Pi√±era, multiplicaron hoy sus actividades, concentradas en reuniones con gobernantes e invitados extranjeros a participar este domingo en la ceremonia de cambio de mando en el pa√≠s austral.",1
El presidente boliviano Evo Morales lleg√≥ hoy a Chile para asistir ma√±ana a la juramentaci√≥n del presidente electo chileno Sebasti√°n Pi√±era,1
"Coincido, Pi√±era no se har√° problema, le importa m√°s su imagen y quedar bien con Dios y con el diablo. Era mal menor",0
PPK y Pi√±era se reunieron en Academia Diplom√°tica de Chile,0
"Mauricio Macri viaja a Chile para asistir a la asunci√≥n de Pi√±era - El Presidente mantendr√° una reuni√≥n bilateral con el flamante mandatario chileno y con su colega de Brasil, Michel Temer",1
pi√±era culiao no te queremossssss :),0
"A un d√≠a de tomar el mando, Sebasti√°n Pi√±era le viene un infarto fulminante y muere. Asume el futuro presidente del senado",1
La foto oficial del Presidente Pi√±era pudo haber sido un poco m√°s solemne.,1
"Opini√≥n | ¬øPodr√° Pi√±era convertir a #Chile en un pa√≠s del Primer Mundo?
 https://t.co/o8XDxGpTFA https://t.co/8IPIvsnE9x",1
"como primer acto oficial, #Pi√±era ir√° a un centro del SENAME, en los 4 a√±os de su gobierno anterior ni se acord√≥ de los ni√±os abusados.",1
Sebasti√°n Pi√±era y Donald Trump podr√≠an encontrarse en la Cumbre de las Am√©ricas en Lima,0
@EstoyConPinera @sebastianpinera Sebasti√°n Pi√±era Juntos üá®üá± Cambia.,0
El nuevo gobierno de Sebasti√°n Pi√±era tiene prisa por tramitar la ley de migraci√≥n,1
"VIDEO | Cecilia Morel dice que Pi√±era ""no le pega codazos"" y da particular explicaci√≥n",1
Reuni√≥n con Juan Carlos I y otras autoridades: Revisa las im√°genes de las audiencias oficiales de Sebasti√°n Pi√±era,1
@a_hollstein Imbecil facho excelente presidenta de Chile. Bachelet ahora estamos de duelo Chile con Pi√±era retrocede..,1
Sename: la primera actividad como presidente de Sebasti√°n Pi√±era,1
Probablemente votaste por Pi√±era o no votaste en las √∫ltimas elecciones. Gracias gente como t√∫ ahora nos mamamos 4 a√±os de derecha,0
"Tras el Banderazo, Evo va a la asunci√≥n de Pi√±era para ofrecerle un nuevo tiempo de soluciones",1
Pi√±era culiao,0
#CambioDeMando All√≠ baba Pi√±era regresa con su s√©quito de imputados.,1
"Michelle Bachelet termina su mandato y empieza el gobierno de Sebasti√°n Pi√±era
Este domingo ser√° el acto de asunci√≥‚Ä¶ https://t.co/dBZD5q0e7r",1
Siento que cada vez que enfocan a Pi√±era las arrugas me tratan de decir algo estilo el exorcista,0
"Cuando un gob dice a los 20 d√≠as que ha hecho m√°s que en 20 a√±os ah√≠ empez√≥ quiebre.
Espero que Pi√±era haya madurado",1
"Csm, pensar que ma√±ana asume el wn de Pi√±era ü§¶‚Äç‚ôÄÔ∏è",1
"Que Bachelet firmo cierre de #PuntaPeuco para manchar el inicio del Gobierno de Pi√±era...ejem! Que se entender√° por manchar? Salpicar ser√° po, como que el sr anda embarrado hace rato‚Ä¶",1
@maggiaustral @BelaAnjali @jessygamboa @kawaiii_min Jajajajja si fuera bot no hubiera votado en las elecciones... por algo gano pi√±era,0
"Dicen que cuando llego el ex rey de Espa√±a Juan Carlos, Pi√±era lo saludo ¬øcomo esta mi rey? o sea bien amariconao jajajaa",0
Macri estar√° este domingo en la asunci√≥n de Pi√±era,1
"Debo reconocer que este Lunes sera m√°s dificil empezarlo, 
Con Pi√±era como Presidente...üôàüôàüôàüôà",1
"@CitrusNuances_ Cuando gan√≥ Pi√±era en el 2010, un grupo de cuicos/as llegaron celebrando a La Moneda preguntando",0
"Si Bachelet est√° cerrando Pta Peuco de esta forma, apostar√≠a q est√° conversado y acordado con Pi√±era",0
#CierrePuntaPeuco lo que entend√≠ va a ser Pi√±era a quien le toque ccerrar punta p  jugada macabra,0
Presidente Moreno mantuvo reuni√≥n con Sebasti√°n Pi√±era,0
Pi√±era afirma que seguir√° luchando por restablecer la democracia en Venezuela,0
"pueden creer que soy mutual de ski, victon, sf9, pi√±era y pe√±a nieto omg",0
INFH CRTST 110318011016 Pi√±era y Bachelet multiplican sus actividades en la v√≠spera del cambio de mando,1
#Marcha11demarzo contra #pi√±era.,0
"Y bien por el sename, Tonda ha trabajado en distintas √°reas y siendo m√°s bien de izquierda siempre ha contado con la confianza de pi√±era",0
Me parece gran se√±al de Sebasti√°n Pi√±era en iniciar sus actividades como presidente en el Sename. √öltima prioridad,1
"Sebasti√°n Pi√±era promete no bajar la presi√≥n sobre Venezuela: ‚ÄúEstoy convencido de que en Venezuela no hay democracia, no hay estado de derecho, no se respetan los derechos humanos y se est√° viviendo una profunda crisis pol√≠tica, econ√≥mica y social‚Äù",1
"Que buen himno el de los argentinos por Mauricio Macri: MM, LPQTP. Hay que inventar uno para Pi√±era",0
"Cuando Pi√±era cerr√≥ el Penal Cordillera se suicid√≥ un We√≥n, si ahora se suicida otro, ! empate!!",0
Bachelet solo dejo un decreto del Cierre Punta Peuco . Pero el nuevo gobierno de Pi√±era tiene la ultima palabra si se cierra o no . ü§îüëç,1
"acabo de ver que pi√±era ocupa un beauty blender, suddenly ya no me gusta el maquillaje",0
Y que lo tenga que ejecutar Pi√±era jajajaja queen total ,0
Con la llegada de Pi√±era tiempos oscuros se avecinan,1
MENOS MAL EL PRECIDENTE ELECTO ES SEBASTIAN PI√ëERA PORKE GRASIAS A EL ABRA MAS TRAVAJO Y MENOS AHITIANOS VIVA CHILE,0
Pi√±era presenta a su gabinete ,1
Ojal√° Pi√±era no pueda gobernar los 4 anos completos,1
pucha imposible asistir ma√±ana salgo tempranisimo a Valpo. APLAUDIR Y VITOREAR  A PRESIDENTE PI√ëERA,1
La intensa jornada laboral de Sebasti√°n Pi√±era en la Academia Diplom√°tica,0
Macri se reunir√° con Pi√±era y Temer en marco de investidura en¬†Chile,1
"justo ahora que voy a empezar a tirar m√°s chuchas pa' pi√±era Twitter le pone color, esta wea es culpa de pi√±era ctmmmmm ah adjkridk",0
Cotchino es pi√±era les dije yo,0
"Pi√±era no va a cerrar punta Peuco, tiene acciones all√≠ #CierrePuntaPeuco",0
PPK viaj√≥ Chile para la toma de mando de Pi√±era ,1
"Una sucia jugada de la chanchi , dejar la ejecucion del cierre a  Pi√±era porqu√© ella ya no puede . Asi es esta sucia corrupta .",1
Pi√±era lleg√≥ a Cerro Castillo en las horas previas al cambio de mando,1
Pi√±era y Bachelet multiplican sus actividades en la v√≠spera del cambio de mando - El rey em√©rito de Espa√±a,1
Pi√±era enfrentar√° desafios sociales a la vuelta del gobierno de chile,1
"estaba super confundida, no sab√≠a por qu√© sebasti√°n pi√±era sal√≠a en mi tl y luego not√© que era la anto dhfujkasm",0
"@eldestapeweb Sebasti√°n Pi√±era LPQTP !!!
#SPLPQTP !!
#MMLPQTP",0
Pi√±era recibir√° por segunda vez la banda presidencial de manos de Bachelet,1
#Internacionales | Sebasti√°n Pi√±era asumir√° por segunda ocasi√≥n la presidencia de Chile,1
"Cuanto tiempo?, esta mujer se la jug√≥ por los mineros de Ays√©n igual que Pi√±era por los 33 ",0
AHORA #CambioDeMando presi Pi√±era llegando a #CerroCastillo en helic√≥ptero ,1
"Pi√±era
Temer
Tabares
Macri
Trimp.",0
"Presidente Pi√±era con todo el respeto que se merece espero que lleve a juicio a Bachelet por todo el da√±o causado al pa√≠s. Nuestra bandera y la confianza que tuvimos en darle nuestro voto, est√© por sobre su amistad con Bachelet. Hoy est√° chile por sobre la amistad",1
"Pi√±era lo que quiere es figurar en el club de derechistas, supuestamente progresistas de Suram√©rica como: Macri y Temer. Creen que ""preocup√°ndose"" por Venezuela, los har√° tener una imagen democr√°tica. Est√°n muy lejos de serlo. Son unos t√≠teres de EEUU",1
"San Sebasti√°n pi√±era Ruega por tu pueblo chileno. Un excelente presidente que gobernar√° para los ricos, un magn√≠fico neoliberal y capitalista.
Dios los bendiga",1
Tiempos mejores‚Ä¶para la familia Pi√±era Chadwick,1
Niun brillo pi√±era oe ziiii,0
que prenda la tele y aparezca Pi√±era por la ctm,0
"Dicho esto, Pi√±era debe tirar atr√°s el decreto de #CierrePuntaPeuco, si Bachelet hubiese querido hacer esto bien, har√≠a todo el proceso dentro de su gobierno.",1
"#Pi√±era apunta a la clase media para proyectar a la derecha en #Chile
Su segundo gobierno, que arranca el domingo,‚Ä¶ https://t.co/SZ9eBwnxGG",1
La misi√≥n de Juan Carlos I en el nuevo mandato de Sebasti√°n Pi√±era en Chile ,1
@jaimeantonio67 @kenacats T vas a querer enterrar cuando Pi√±era el lunes  firme el cierre de Pta Peuco!!!,0
"No me parece. Pi√±era ha dicho que le parece bien mantener esa c√°rcel segregada. Por lo tanto, no pagar√≠a ning√∫n costo con dejar de cumplir ese eventual cierre. Si Bachelet lo decret√≥, ella debi√≥ ejecutarlo.

",0
"Previo al #cambiodemando se reunieron Pi√±era y PPK....que estar√°n ""cocinando"" estos personajes que tienen el curriculum mas negro que su propia alma!!!",1
Se dan cuenta que ma√±ana dejamos de ser el mejor pais de Chile porque la Soa Bachel√© se va y entra Pi√±era a la Presidencia.,1
"Asi era de sucia la cerdalet , dejar en manos de Pi√±era la ejecucion del cierre para comenzar ensuciando al inicio el mandato al nuevo gobierno . Bachelet y cia deben ser los pr√≥ximos habitantes de PP.

",0
Ven que Corrupci√≥n Chile fomenta las fake news... ayudaron a ganar al Sr. Pi√±era,0
Michelle Bachelet termina su mandato y empieza el gobierno de Sebasti√°n Pi√±era,1
SOY MUJER FELIZ Y LE DESEO AL PRESIDENTE SEBASTI√ÅN PI√ëERA Y A CECILIA MOREL LO MEJOR PARA EL D√çA DOMINGO UN MARAVILLOSO D√çA Y TODA LA ESPERANZA PARA UN FUTURO MEJOR PARA LOS CHILENOS,1
"#AhoraEscuchas ""Columba"" by Banda La Pi√±era // Qui√©res escucharla en VIVO? Clic aqu√≠",0
"Que da gusto ver al Presidente Pi√±era en reuniones bilaterales con gente decente. Ningun Maduro, Morales, Noriega, Castro, Correa....",1
@marcelillavn puros xx con n√∫meros.  Los bots de Pi√±era,0
"@cambio21cl MEMORIA 2014 Adimark: Pi√±era termina su gobierno con un 50% de aprobaci√≥n
2018 ............BACHELET CON 39 %,,,,,,,,,,,,,,,",1
entre que twitter est√° cancelando cuentas y pi√±era va a tomar el mando yo mejor renuncio a la vida,1
Reuni√≥n con Juan Carlos I y otras autoridades: Revisa las im√°genes de las audiencias oficiales de Sebasti√°n Pi√±era,1
"seguro que pedir√° reunion con Pi√±era y le dira: ""Ya pues pi√±era no seas malito, llama a la prensa y deciles que te sorprende el banderazo, que estas asustado, que vas a negociar; No me cagues la peguita, no seas malo hermanito, bien creidos estan mis llunkus",0
pi√±era es un in somnia XKJSKSKFJ,0
@ACatapluto Rule of law: c√≥mo actuar√≠as si Pi√±era prohibiera la entrada a un parlamentario cubano?,0
Pi√±era lleg√≥ a Cerro Castillo en las horas previas al cambio de mando ,1
"Kuczynski calific√≥ de ""muy positiva"" reuni√≥n con Pi√±era en Chile ",1
"Ya se sabe lo de pi√±era sera lo mismo, aumentar su http://patrimonio.la  pregunta  es q haran periodistas como http://ud.se  quedaran callados de nuevo mientras el ministro d interior pone a sus hijos en el gob. O mientras ministros reciben plata de empresarios?",1
"Cuando crey√≥ que Pi√±era perd√≠a dijo que la udi ya no le acomodaba, cuando gan√≥ volvi√≥ a estar contenta en ese lado, no la reeligieron empez√≥ a chuparle las patas a la tv, no me extra√±ar√≠a que quiera hacer un programa de ayuda social solo tiene que maquillarse de buena y humana.",0
[Fotos] La movida agenda de Sebasti√°n Pi√±era a un d√≠a del Cambio de Mando,1
As√≠ ser√° la primera actividad de Sebasti√°n Pi√±era como presidente,1
"Ahora noticias sobre: #Bachelet, #Punta, #Peuco, #Pi√±era, #Sebasti√°n, #Presidente, #Man",1
Qu√© hue√° la mano de Pi√±era hue√≥oon,0
Presidente Moreno mantuvo reuni√≥n con Sebasti√°n Pi√±era,1
"El lunes el Gran Presidente Sebasti√°n Pi√±era va entrar a la Moneda y dir√°: BUENOS D√çAS GUARDIA! Y la guardia presidencial responder√°: BUENOS D√çAS MI PRESIDENTE!  Ah los viejos tiempos de Mi General Pinochet!  Digan lo que me digan no me interesa.

",1
Los retos que enfrentar√° Sebasti√°n Pi√±era en su nueva etapa como presidente de Chile ,1
Yo vote por Pi√±era y fui cr√≠tico en tweter de este gbno pero no puede ser que todav√≠a no asumen y ya est√°n apitutando a los hijos no se si tienen m√©ritos pero basta de  aprendizaje no  me gusta.,1
"Bien que la guatona corrupta Bachelet cierre Punta Peuco ...ahora que ma√±ana Pi√±era tome su 1a. medida: indultar a todos los presos politicos militares encarcelados injustamente por la asquerosa vendeta marxista ayudados por jueces zurdos, corruptos y prevaricadores",1
No me pone triste que se vaya Bachelet. Me pone en alerta el regreso de Pi√±era.,1
"Abogado de los reos de Punta Peuco: ""Si el penal se llega a cerrar, Pi√±era lo va a reabrir",0
"que Pi√±era y su gente,hagan un sahumerio y ventilen la moneda para q salga el olor a rata q dejaran los zurdos...no vaya ser cosa q se peguen el √°nta.....plop",0
ctm pi√±era qlio,0
@lmrendon @fbaezurbina Bachelet no se atrevi√≥ a cerrar Punta Peuco y Pi√±era no lo cerrar√°,1
"La Bachelet no merece respeto, elegida por una minor√≠a igual que el ladr√≥n de Pi√±era. El sistema pol√≠tico postdictadura no est√° funcionando",1
EL ABOGADO DE LOS REOS DE PUNTA PEUCO AFIRMO LO SIGUIENTE SI EL PENAL LO CIERRAN AHORA PI√ëERA LO VOLVERA A ABRIR,0
@AngolMamalcahue @aleriquelme @HQGatica Tambi√©n eres del grupo que considera v√≠ctimas a los violadores de DDHH? Ya. Suerte con Pi√±era üëãüèº,0
@bullatop Jajaka esta como el monumento del 27/F del primer gobierno de pi√±era q no se cuanto fue q salio y despu√©s se vino abajo,1
"Asume Pi√±era y con el se sumar√°n todos los intelectuales de derecha para pensar el pa√≠s que queremos: Henry Boys, Checho Hirane, Melnick, Kaiser y Marinovic.",1
@cbellolio Es esa misma gente retrasada que sabiendo que Pi√±era es un sinverguenza de siete suelas igual no mas voto por √©l,0
"Am√©rica Latina: Los retos y logros que Pi√±era hereda de Bachelet, en sus palabras",1
"La doctora Gloria Burgos, m√©dico de La Chile, asume como subse de redes asistenciales de Sebastian Pi√±era @Cooperativa en reemplazo de Toso",1
"Compartamos este hermoso momento en que un chileno bien nacido, le grita ladron a Pi√±era ",0
"Pi√±era reajusta el sueldo m√≠nimo en 7.500 pesos..pero ¬øqu√© derroche?
Este gobierno de ineptos quiere que los trabajadores sigan pobres y endeudados para el resto de sus vidas. Vivir con $276.000 es insostenible, un m√≠nimo de 300 mil ser√≠a algo m√°s digno.",0
"Se acuerdan de esta propaganda de Pi√±era que dec√≠a ""Agarrense de las manos que vienen Tiempos Mejores""

Hoy ingreso Pi√±era al Congreso el proyecto de Reajuste de Salario Minimo por la suma de $ 7.500.

Que dir√°n los que votaron por Pi√±era con esta miseria de Reajuste.",0
"Empresa del hijo de Andr√©s Chadwick Pi√±era (ministro del interior), se adjudic√≥ una licitaci√≥n en el municipio de Vitacura por m√°s de 225 millones y sin cumplir con las bases establecidas. Andr√©s junior es un apitutado e indecente, que est√° acostumbrado a mentir.",0
por la reconchetumare se dan cuenta de que la sm nos cANCEL√ì un concierto? O SEA NOS ESTABA DANDO L OPORTUNIDAD DE NUESTRAS VIDAS Y NOS LA QUIT√ì DE NUESTRAS MANOS SM RECULIA Y LA ZORRA PERRA MARACA Y PI√ëERA CULIAO D√ìNDE EST√ÅN LOS TIEMPOS MEJORES PORQUE NO LOS VEO TODO ES TU CULPA,0
"Pi√±era acaba de limitar el n√πmero de licencias a 150 al mes por m√©dico ( protege a las isapres). Sac√≤ todos los sitios del gobierno relacionados a la diversidad sexual.
Puso fin a los sindicatos.
Y suma y sigue.",0
"Me gustar√≠a invitar a cantantes, actores, trabajadores, cesantes, abuelos, ni√±os, y sobre todo pol√≠ticos, para que se sumen al PARO-MARCHA del 11/9 y as√≠ demuestren que est√°n contra Pi√±era, con la gente, y sobre todo, para que demuestren que en Chile s√≠ existe oposici√≥n!",0
"Culpar al gobierno de Pi√±era de la quiebra de Fideos Suazo, como lo hace el Alcade de Curic√≥, es de mala leche. La empresa ven√≠a mal desde por lo menos 4 a√±os.",1
"Comunicado : miren fachos y derechistas culiaos si me buscan en face para amenasarme por lo menos pongan fotos los chuchasumadres no les tengo ni cosquillas de miedo si les molesta como trato a su presidente desde aca les digo;
Pi√±era culiao ladr√≥n mentiroso",0
Te Deun ? espero que este a√±o hagan lo mismo con pi√±era trataron a la presidenta de asesina que hizo pi√±era dar la libertad  a genocidas pi√±era es un encubridor de torturadores asesinos o los evang√©licos se har√°n los weones?,0
Algo busca Pi√±era con el t√©rmino de la ley reservada del cobre. √âl no da puntada sin hilo.,0
"Con qu√© derecho y con qu√© moral el rasca Pi√±era limita el n√∫mero de licencias de un m√©dico. Esto s√≥lo lo concibe un cerebro atrofiado. Si le aguantamos √©sta, quiere decir que nos hemos convertidos en hongos.",0
"Pi√±era no levantara la econom√≠a porque hace m√°s de lo mismo, la econom√≠a chilena viene cayendo por la falta de diversificaci√≥n productiva, por la desindustrializacion, por la concentraci√≥n de la riqueza, por la desigualdad, por la falta de competencia, por la falta de innovaci√≥n",0
"Ya weones!!! Yo creo que estamos todos choriados con este gobierno de mierda.....ya bastaaaa!!! 5 meses y nunca se hab√≠a visto tanta cagada junta.
Cu√°ndo hacemos una Marcha Nacional para que se vaya pi√±era????? Twitteros influyentes, tienen una misi√≥n",1
"Una gran diferencia entre este gobierno y el anterior del Presidente Pi√±era es que el actual es capaz de reconocer sus errores r√°pidamente, pasar el trago amargo y rectificar. No veo que tenga persistencia en el error. A veces en pol√≠tica se tiende a defender lo indefendible.",1
"¬øSe pronunciar√°  el gobierno de Chile contra el atentado al presidente Maduro en Venezuela?
¬øQu√© opina Pi√±era?",1
"Toda la izq habla y blasfema contra la administraci√≥n del Gobierno de Pi√±era, que est√° mal lo que hace y no hace, pero ninguno de ellos habla o explica que paso con MM$ 122.3 que se destinaron para la Subsecretar√≠a de seguridad desde Marzo 10 hasta Diciembre 31 2018 (MMUS$200)",1
"Se acuerdan cuando la izquierda, terminado el 1er Gob de Pi√±era dijeron que la derecha no volver√≠a a gobernar en 50 a√±os y que si lo hac√≠a ser√≠a con otro golpe de estado? Bueno, les cuento que volvimos despu√©s de 4 a√±os, y ganando una elecci√≥n por paliza",1
"El presidente electo de Chile, Sebasti√°n Pi√±era afirm√≥ que una vez que tome su segundo cargo de cuatro a√±os no abandonar√° la lucha por la democracia de Venezuela.",1
Quien en La Serena pah tomarse sus copetes en la noche y desde ya empezar a celebrar el ingreso a la Moneda del Pdte. Pi√±era.? ,1
"O sea, ahora Pi√±era tendr√° que rescatar los restos de los mineros de Ays√©n, que Bachelet dej√≥ enterrados en la mina. ",0
"Me llamaron para trabajar ma√±ana en el mall por el d√≠a pa hacer un reemplazo. Ma√±ana asume Pi√±era, me ofrecen trabajo, coincidencia? No lo creooooooo.
GRASIAS PRECIDENTE PI√ëERA X TRAVAJO CONSEDIDO JUZTO K LO NESESITABA",1
Faltan unas horas para empezar a recuperar Chile. Pi√±era un presidente a la altura de lo q necesita el pa√≠s!,1
"Por lo mismo , una mujer que corre a saltitos  a abrazar a Fidel Castro con un brazo y con la orra mano bajandose los churrines NO tiene ning√∫n peso moral para cerrar Punta Peuco. Pi√±era debiese mandarlos a la casa a todos esos ancianos por motivos humanitarios ",0
Sebasti√°n Pi√±era: Yo estoy convencido de que en Venezuela no hay democracia JA JA JA JA LO DICE OTRO PERRITO QUE MUEVE LA COLA Y LE METE EL JOCICO EN EL RABO AL IMPERIO,0
"No es que Pi√±era sea un modelo de las relaciones entre pol√≠tica y poder econ√≥mico. Pero que le explique c√≥mo siendo due√±o de Lan, debi√≥ RENUNCIAR a su empresa y sus utilidades fueron a un fondo de fideicomiso. PPK sigui√≥ en sus directorios, cobraba sus utilidades en su ‚Äúbanquito‚Äù ",0
"El CierrePuntaPeuco a un d√≠a de dejar el gobierno nos muestra la cobard√≠a de la Bachelet, dej√°ndole un tremendo problema a Pi√±era desde un inicio y ella y√©ndose d√°ndose un gustito personal. Esto es de una mezquindad digna de esta izquierda resentida, fracasada e irresponsable",0
"El gobierno de Pi√±era no va a hacer milagros. Simplemente ser√° un gobierno de buena gestion, de sentido comun y de ejemplo de democracia moderna. Al fin ma√±ana se acaban 4 a√±os de retroceso",1
"El mandato de Pi√±era estar√° marcado por un plan estrat√©gico ambicioso: plantar cara a la izquierda en lo que esta ha considerado su territorio exclusivo, la preocupaci√≥n particular por los sectores vulnerables",1
"Si Bachelet hubiese querido cerrar Punta Peuco lo habr√≠a hecho. Cualquier cosa que haga ahora se trata de poner a Pi√±era en aprietos, no de responder seriamente a las demandas de las v√≠ctimas.",0
"Mario Desbordes: ‚ÄúChile necesita urgente que Sebasti√°n Pi√±era tome las riendas de este pa√≠s‚Äù, porque nos entregan un ‚Äúpa√≠s aporreado‚Äù.",1
"Que dir√° la historia de @mbachelet? Una gran mujer que realiz√≥ grandes cambios en bien de su pa√≠s. Y de #pi√±era ? Un ladr√≥n de bancos, electo dos veces presidente de Chile, que perpetr√≥ delitos junto a su familia y banda, en su beneficio y perjuicio de su pa√≠s.",0
La presidenta cumpli√≥ su √∫ltimo d√≠a h√°bil en el Palacio de la Moneda. Este domingo le entregar√° el poder a Sebasti√°n Pi√±era,1
"Que horrible, se nos viene Pi√±era, Cecilia P√©rez, Chadwick, Bellolio, los Kast, Karla Rubilar, la vieja cur√°, Melero, el Rojo Edwards y Villegas hablando hue√°s todos los d√≠as.",0
"Bachelet le ense√±a a Pi√±era la forma correcta como se debe entregar un gobierno. Con planificaci√≥n, en forma oportuna y transparente, facilitando todo tipo de informaci√≥n en forma p√∫blica.  No es necesario borrar informaci√≥n de computadores y ocultar informaci√≥n como delincuente",1
"Tomas Muller intimo amigo de Pi√±era , es el socio principal de Inversiones Altis, quienes administrara el Fideicomiso ""ciego""de Pi√±era. Un""tongo"" m√°s que se lo compran todos los fachos pobres.",1
"Se√±or Pi√±era, renuncie. Renuncie y entr√©guese a la justicia. Y haga renunciar a su familia tambi√©n. Y devuelva el auto, la tele y la plata del Banco de Talca tambi√©n, so sinverg√ºenza. H√°galo por üá®üá±",1
"Buenos d√≠as, menos  para pi√±era secuaces jueces fachos pobres!!",0
"Los chilenos no podemos seguir aceptando que la corrupci√≥n de los gobiernos de izquierda sigan explic√°ndose como simples ""ERRORES"".  La justicia debe investigar y el Gobierno del Presidente Pi√±era tiene la obligaci√≥n de denunciar estos delitos",1
"Que a 5 meses de Gobierno haya tal nivel de decepci√≥n ciudadana, incluso entre quienes votaron por Pi√±era es in√©dito.Y preocupante, porque se puede entrar en una espiral a√∫n m√°s populista e irresponsable, para revertir la ca√≠da. Mala combinaci√≥n la encuestocracia y la soberbia.",1
"Algunos me preguntan si es dif√≠cil ser gay en Cauquenes y yo les respondo siempre esto. En mi pueblo hay un puente que se llama presidente Sebasti√°n Pi√±era y concecta con la poblaci√≥n Augusto Pinochet. 
Yo creo que esto lo deja bastante claro.",0
"Es peligroso dejar en manos de bracitos cortos el cobre. Poner ojo. Mucho ojo. Los que deben fiscalizar, pues, h√°ganlo. 

Letra chica: Pi√±era y la Ley Reservada del Cobre",0
"camionero de Linares alerta¬°!!!!, Pi√±era te manda a decir: ""ahora m√©tete tu cag√° de cami√≥n por el culo""",0
"Pi√±era no da puntada sin hilo, cual es la trampa ahora va por el cobre ?",0
"El fracasado ex candidato Alejandro Guiller, ahora se da el lujo de criticar al presidente Pi√±era. Olvida este sujeto que Bachelet dej√≥ al pa√≠s casi quebrado y con la deuda externa mas grande de la historia y q hay q pagarla. Pero... q sabe un marxista de eso",0
"Pi√±era sera responsable de lo que pase el 11.9.
Creo falsas expectativas mintio y ahora no puede cumplir rodeado de amigos ineptos. 
El 11.9 la calle dira lo que tiene que decir.",0
"Que Pi√±era meta manos en el cobre, es MUY PELIGROSO, eso de la derogacion de la ley reservada del cobre, me huele a manitos largas, letra chica y mil hue√°s, no da puntada sin hilo el gato de campo.
",0
